Handle,Title,Body (HTML),Vendor,Product Category,Type,Tags,Published,Option1 Name,Option1 Value,Option1 Linked To,Option2 Name,Option2 Value,Option2 Linked To,Option3 Name,Option3 Value,Option3 Linked To,Variant SKU,Variant Grams,Variant Inventory Tracker,Variant Inventory Qty,Variant Inventory Policy,Variant Fulfillment Service,Variant Price,Variant Compare At Price,Variant Requires Shipping,Variant Taxable,Variant Barcode,Image Src,Image Position,Image Alt Text,Gift Card,SEO Title,SEO Description,Variant Image,Variant Weight Unit,Variant Tax Code,Cost per item,Status
yamaha-vf250,Yamaha VF250 V MAX SHO,"<p>Yamaha's V MAX SHO 250 combines V6 power with four-stroke efficiency. Features Variable Camshaft Timing on all six cylinders for maximum power across the RPM range. Plasma-fused sleeveless cylinders reduce weight.</p><ul>
<li>Engine Type: V6 DOHC VCT</li>
<li>Displacement: 4169cc (4.2L)</li>
<li>Weight: 551 lbs (250 kg)</li>
<li>Fuel System: Multi-point EFI</li>
<li>Alternator: 70 amp</li>
<li>Variable Camshaft Timing (All 6 cylinders)</li>
<li>Compatible with Helm Master EX</li>
</ul>",Yamaha Marine,,Outboard Motor,"250HP, 4-Stroke, V6, VCT, VMAX SHO, Yamaha",true,Shaft Length,25 inch,,,,,,,,YAM-VF250-25,250000.0,shopify,3,deny,manual,21999.00,23999.00,true,true,190238475819,,,,false,,,,kg,,16300.00,active
yamaha-vf250,,,,,,,,,30 inch,,,,,,,,YAM-VF250-30,252000.0,shopify,1,deny,manual,22499.00,24499.00,true,true,190238475820,,,,,,,,kg,,16550.00,
yamaha-f150,Yamaha F150 In-Line Four,"<p>Yamaha F150 combines power with efficiency in a lightweight package. Features Variable Camshaft Timing and multi-point fuel injection. Compatible with Yamaha's Helm Master EX system.</p><ul>
<li>Engine Type: In-line 4 DOHC</li>
<li>Displacement: 2785cc</li>
<li>Weight: 487 lbs (221 kg)</li>
<li>Fuel System: Multi-point EFI</li>
<li>Alternator: 50 amp</li>
<li>Variable Camshaft Timing</li>
<li>Helm Master EX Compatible</li>
</ul>",Yamaha Marine,,Outboard Motor,"150HP, 4-Stroke, In-line, VCT, Yamaha",true,Shaft Length,20 inch,,,,,,,,YAM-F150-20,221000.0,shopify,4,deny,manual,14999.00,16299.00,true,true,190238475817,,,,false,,,,kg,,11100.00,active
yamaha-f150,,,,,,,,,25 inch,,,,,,,,YAM-F150-25,223000.0,shopify,2,deny,manual,15299.00,16599.00,true,true,190238475818,,,,,,,,kg,,11250.00,
yamaha-f115,Yamaha F115 Variable Camshaft Timing,"<p>Yamaha's F115 features Variable Camshaft Timing (VCT) for increased low-end torque. This 1.8L four-stroke delivers excellent hole shot and midrange punch. Multi-point electronic fuel injection ensures reliable starting.</p><ul>
<li>Engine Type: In-line 4-cylinder</li>
<li>Displacement: 1832cc (1.8L)</li>
<li>Weight: 377 lbs (171 kg)</li>
<li>Fuel System: Multi-Point EFI</li>
<li>Alternator: 35 amp</li>
<li>Variable Camshaft Timing</li>
<li>Warranty: 3 Year Limited</li>
</ul>",Yamaha Marine,,Outboard Motor,"115HP, 4-Stroke, VCT, Yamaha",true,Shaft Length,20 inch,,,,,,,,YAM-F115XA-20,171000.0,shopify,8,deny,manual,11499.00,12499.00,true,true,190238475815,,,,false,,,,kg,,8500.00,active
yamaha-f115,,,,,,,,,25 inch,,,,,,,,YAM-F115XA-25,173000.0,shopify,5,deny,manual,11799.00,12799.00,true,true,190238475816,,,,,,,,kg,,8650.00,
yamaha-f90,Yamaha F90 In-Line Four,"<p>Yamaha F90 features a compact in-line four design with excellent power-to-weight ratio. Multi-point fuel injection and knock sensor for optimal performance. Compatible with mechanical or digital controls.</p><ul>
<li>Engine Type: In-line 4 SOHC</li>
<li>Displacement: 1832cc</li>
<li>Weight: 353 lbs (160 kg)</li>
<li>Fuel System: Multi-point EFI</li>
<li>Alternator: 35 amp</li>
<li>Compatible with Command Link Plus</li>
<li>Knock Sensor</li>
</ul>",Yamaha Marine,,Outboard Motor,"4-Stroke, 90HP, EFI, In-line, Yamaha",true,Shaft Length,20 inch,,,,,,,,YAM-F90-20,160000.0,shopify,7,deny,manual,9799.00,10699.00,true,true,190238475813,,,,false,,,,kg,,7300.00,active
yamaha-f90,,,,,,,,,25 inch,,,,,,,,YAM-F90-25,161000.0,shopify,4,deny,manual,9999.00,10899.00,true,true,190238475814,,,,,,,,kg,,7400.00,
yamaha-f70,Yamaha F70 Mid-Range,"<p>Yamaha's F70 delivers excellent mid-range torque with microcomputer ignition for optimal performance. Features include multi-point Electronic Fuel Injection and compatibility with Yamaha digital gauges.</p><ul>
<li>Engine Type: 4-cylinder SOHC</li>
<li>Displacement: 996cc</li>
<li>Weight: 253 lbs (115 kg)</li>
<li>Fuel System: Multi-point EFI</li>
<li>Alternator: 16 amp</li>
<li>Digital Network Gauges Compatible</li>
<li>Variable Trolling</li>
</ul>",Yamaha Marine,,Outboard Motor,"4-Stroke, 70HP, EFI, Yamaha",true,Shaft Length,20 inch,,,,,,,,YAM-F70-20,115000.0,shopify,5,deny,manual,7999.00,8699.00,true,true,190238475811,,,,false,,,,kg,,5900.00,active
yamaha-f70,,,,,,,,,25 inch,,,,,,,,YAM-F70-25,116000.0,shopify,3,deny,manual,8199.00,8899.00,true,true,190238475812,,,,,,,,kg,,6000.00,
yamaha-f50,Yamaha F50 Four Stroke,"<p>Yamaha F50 offers exceptional value with proven four-stroke reliability. Features Electronic Fuel Injection for turn-key starting. Variable trolling RPM switch for precise speed control.</p><ul>
<li>Engine Type: 4-cylinder SOHC</li>
<li>Displacement: 996cc</li>
<li>Weight: 237 lbs (108 kg)</li>
<li>Fuel System: Electronic Fuel Injection</li>
<li>Alternator: 16 amp</li>
<li>Variable Trolling RPM</li>
<li>Power Trim &amp; Tilt</li>
</ul>",Yamaha Marine,,Outboard Motor,"4-Stroke, 50HP, EFI, Yamaha",true,Shaft Length,20 inch,,,,,,,,YAM-F50-20,108000.0,shopify,6,deny,manual,6599.00,7199.00,true,true,190238475809,,,,false,,,,kg,,4900.00,active
yamaha-f50,,,,,,,,,25 inch,,,,,,,,YAM-F50-25,109000.0,shopify,4,deny,manual,6799.00,7399.00,true,true,190238475810,,,,,,,,kg,,5000.00,
yamaha-f25,Yamaha F25 Portable,"<p>Yamaha's F25 is the lightest 25hp four-stroke available. Features battery-less EFI for consistent starts and improved fuel economy. Large comfortable tiller handle with power trim and tilt.</p><ul>
<li>Engine Type: Twin cylinder SOHC</li>
<li>Displacement: 432cc</li>
<li>Weight: 126 lbs (57 kg)</li>
<li>Fuel System: Battery-less EFI</li>
<li>Alternator: 10 amp</li>
<li>Power Trim &amp; Tilt</li>
<li>Forward/Neutral/Reverse Gears</li>
</ul>",Yamaha Marine,,Outboard Motor,"25HP, 4-Stroke, EFI, Portable, Yamaha",true,Shaft Length,15 inch,,,,,,,,YAM-F25-15,57000.0,shopify,15,deny,manual,3999.00,4399.00,true,true,190238475807,,,,false,,,,kg,,2950.00,active
yamaha-f25,,,,,,,,,20 inch,,,,,,,,YAM-F25-20,58000.0,shopify,11,deny,manual,4199.00,4599.00,true,true,190238475808,,,,,,,,kg,,3050.00,
yamaha-f15,Yamaha F15 Manual Start,"<p>Yamaha's F15 delivers excellent fuel economy with proven reliability. Features forward-mounted shift lever, shallow water drive, and optional electric start. Perfect for aluminum fishing boats.</p><ul>
<li>Engine Type: Twin cylinder</li>
<li>Displacement: 362cc</li>
<li>Weight: 103 lbs (47 kg)</li>
<li>Fuel System: Single Carburetor</li>
<li>Alternator: 6 amp</li>
<li>Manual or Electric Start</li>
<li>Shallow Water Drive</li>
</ul>",Yamaha Marine,,Outboard Motor,"15HP, 4-Stroke, Manual Start, Yamaha",true,Shaft Length,15 inch,,,,,,,,YAM-F15-M-15,47000.0,shopify,10,deny,manual,3199.00,3499.00,true,true,190238475805,,,,false,,,,kg,,2400.00,active
yamaha-f15,,,,,,,,,20 inch,,,,,,,,YAM-F15-M-20,48000.0,shopify,7,deny,manual,3299.00,3599.00,true,true,190238475806,,,,,,,,kg,,2450.00,
yamaha-f9-9,Yamaha F9.9 High Thrust,"<p>Yamaha's F9.9 features a dual thrust propeller for enhanced reverse thrust and control. SOHC design with CDI ignition system for reliable performance. Ideal for sailboats and heavy displacement hulls.</p><ul>
<li>Engine Type: Twin cylinder SOHC</li>
<li>Displacement: 212cc</li>
<li>Weight: 87 lbs (39.5 kg)</li>
<li>Fuel System: Single Carburetor</li>
<li>Alternator: 6 amp</li>
<li>High Thrust Propeller</li>
<li>Tiller or Remote Available</li>
</ul>",Yamaha Marine,,Outboard Motor,"4-Stroke, 9.9HP, High Thrust, Yamaha",true,Shaft Length,15 inch,,,,,,,,YAM-F9.9-15,39500.0,shopify,12,deny,manual,2599.00,2899.00,true,true,190238475803,,,,false,,,,kg,,1900.00,active
yamaha-f9-9,,,,,,,,,20 inch,,,,,,,,YAM-F9.9-20,40000.0,shopify,8,deny,manual,2699.00,2999.00,true,true,190238475804,,,,,,,,kg,,1950.00,
yamaha-f2-5,Yamaha F2.5 Portable,"<p>Yamaha's smallest four-stroke is perfect for tenders, dinghies, and small jon boats. Ultra-portable at just 38 lbs with built-in fuel tank. Features 360-degree steering and shallow water drive.</p><ul>
<li>Engine Type: Single cylinder</li>
<li>Displacement: 72cc</li>
<li>Weight: 38 lbs (17 kg)</li>
<li>Fuel Tank: Built-in 0.4 gallon</li>
<li>Gear Ratio: 2.08:1</li>
<li>360° Steering</li>
<li>Shallow Water Drive</li>
</ul>",Yamaha Marine,,Outboard Motor,"2.5HP, 4-Stroke, Portable, Yamaha",true,Shaft Length,15 inch,,,,,,,,YAM-F2.5-15,17000.0,shopify,25,deny,manual,899.00,999.00,true,true,190238475801,,,,false,,,,kg,,650.00,active
yamaha-f2-5,,,,,,,,,20 inch,,,,,,,,YAM-F2.5-20,17500.0,shopify,18,deny,manual,949.00,1049.00,true,true,190238475802,,,,,,,,kg,,675.00,
mercury-verado-300hp,Mercury Verado 300HP V8,"<p>The Mercury Verado 300 V8 is the pinnacle of outboard performance. Industry-exclusive Advanced MidSection (AMS) reduces vibration. Adaptive Speed Control maintains RPM regardless of load.</p><ul>
<li>Engine Type: V8 4-Stroke Supercharged</li>
<li>Displacement: 4.6L</li>
<li>Weight: 606 lbs (275 kg)</li>
<li>Fuel System: Electronic Fuel Injection</li>
<li>Alternator: 115 amp</li>
<li>Advanced MidSection (AMS)</li>
<li>Joystick Piloting Available</li>
</ul>",Mercury Marine,,Outboard Motor,"300HP, 4-Stroke, Mercury, Supercharged, V8, Verado",true,Shaft Length,25 inch,,,,,,,,MERC-V300-V8-25,275000.0,shopify,0,deny,manual,26999.00,28999.00,true,true,190238475768,,,,false,,,,kg,,20000.00,active
mercury-verado-300hp,,,,,,,,,30 inch,,,,,,,,MERC-V300-V8-30,277000.0,shopify,1,deny,manual,27499.00,29499.00,true,true,190238475775,,,,,,,,kg,,20250.00,
mercury-verado-250hp,Mercury Verado 250HP V8,"<p>Mercury's Verado 250 V8 outboard delivers power and performance with the quietest operation in its class. Advanced Range Optimization (ARO) provides best-in-class fuel economy. Digital Throttle &amp; Shift for smooth control.</p><ul>
<li>Engine Type: V8 4-Stroke</li>
<li>Displacement: 4.6L</li>
<li>Weight: 606 lbs (275 kg)</li>
<li>Fuel System: Electronic Fuel Injection</li>
<li>Alternator: 115 amp</li>
<li>Gear Ratio: 1.75:1</li>
<li>Digital Throttle &amp; Shift</li>
</ul>",Mercury Marine,,Outboard Motor,"250HP, 4-Stroke, DTS, Mercury, V8, Verado",true,Shaft Length,25 inch,,,,,,,,MERC-V250-V8-25,275000.0,shopify,2,deny,manual,22999.00,24999.00,true,true,190238475744,,,,false,,,,kg,,17000.00,active
mercury-verado-250hp,,,,,,,,,30 inch,,,,,,,,MERC-V250-V8-30,277000.0,shopify,1,deny,manual,23499.00,25499.00,true,true,190238475751,,,,,,,,kg,,17250.00,
mercury-150hp-fourstroke,Mercury 150HP FourStroke,"<p>Mercury's 150hp FourStroke delivers excellent all-around performance. Features Adaptive Speed Control for consistent RPM regardless of load. Maintenance-free valve train for reliability.</p><ul>
<li>Displacement: 3.0L (4-cylinder)</li>
<li>Weight: 455 lbs (206 kg)</li>
<li>Fuel System: Electronic Fuel Injection</li>
<li>Alternator: 60 amp</li>
<li>Digital Throttle &amp; Shift Available</li>
<li>Joystick Piloting Compatible</li>
</ul>",Mercury Marine,,Outboard Motor,"150HP, 3.0L, 4-Stroke, DTS, Mercury",true,Shaft Length,20 inch,,,,,,,,MERC-150-L4-20,206000.0,shopify,3,deny,manual,13999.00,15199.00,true,true,190238475720,,,,false,,,,kg,,10400.00,active
mercury-150hp-fourstroke,,,,,,,,,25 inch,,,,,,,,MERC-150-L4-25,207000.0,shopify,5,deny,manual,14299.00,15499.00,true,true,190238475737,,,,,,,,kg,,10550.00,
mercury-115hp-proxs,Mercury 115HP Pro XS,"<p>Mercury Pro XS 115 is engineered for tournament fishing. Features high-output alternator, dual water pickups, and optimized gear ratio for superior hole shot. Ideal for bass boats and flats boats.</p><ul>
<li>Displacement: 2064cc (4-cylinder)</li>
<li>Weight: 359 lbs (163 kg)</li>
<li>Fuel System: Electronic Fuel Injection</li>
<li>Alternator: 35 amp high-output</li>
<li>Gear Ratio: 2.07:1</li>
<li>Tournament Performance</li>
</ul>",Mercury Marine,,Outboard Motor,"115HP, 4-Stroke, Mercury, Pro XS, Tournament",true,Shaft Length,20 inch,,,,,,,,MERC-115XS-20,163000.0,shopify,6,deny,manual,11999.00,12999.00,true,true,190238475706,,,,false,,,,kg,,8900.00,active
mercury-115hp-proxs,,,,,,,,,25 inch,,,,,,,,MERC-115XS-25,164000.0,shopify,2,deny,manual,12299.00,13299.00,true,true,190238475713,,,,,,,,kg,,9050.00,
mercury-60hp-fourstroke,Mercury 60HP FourStroke EFI Command Thrust,"<p>Mercury 60hp Command Thrust provides exceptional low-end torque for heavy boats. Features a larger 2.33:1 gear ratio and bigger prop for increased thrust. Perfect for pontoons and deck boats.</p><ul>
<li>Displacement: 995cc (4-cylinder)</li>
<li>Weight: 247 lbs (112 kg)</li>
<li>Fuel System: Electronic Fuel Injection</li>
<li>Command Thrust Gearing: 2.33:1</li>
<li>Alternator: 21 amp</li>
<li>SmartCraft Compatible</li>
</ul>",Mercury Marine,,Outboard Motor,"4-Stroke, 60HP, Command Thrust, EFI, Mercury",true,Shaft Length,20 inch,,,,,,,,MERC-60-CT-20,112000.0,shopify,4,deny,manual,7999.00,8699.00,true,true,190238475683,,,,false,,,,kg,,5900.00,active
mercury-60hp-fourstroke,,,,,,,,,25 inch,,,,,,,,MERC-60-CT-25,113000.0,shopify,3,deny,manual,8199.00,8899.00,true,true,190238475690,,,,,,,,kg,,6000.00,
mercury-40hp-fourstroke,Mercury 40HP FourStroke EFI,"<p>Mercury's 40hp FourStroke features Electronic Fuel Injection for turn-key starting and improved fuel economy. Single overhead cam design with 4 valves per cylinder delivers smooth, quiet power.</p><ul>
<li>Displacement: 747cc (3-cylinder)</li>
<li>Weight: 209 lbs (95 kg)</li>
<li>Fuel System: Electronic Fuel Injection</li>
<li>Alternator: 18 amp</li>
<li>Gear Ratio: 1.83:1</li>
<li>Big Tiller Compatible</li>
</ul>",Mercury Marine,,Outboard Motor,"4-Stroke, 40HP, EFI, Mercury",true,Shaft Length,15 inch,,,,,,,,MERC-40-EFI-15,95000.0,shopify,7,deny,manual,5899.00,6399.00,true,true,190238475669,,,,false,,,,kg,,4400.00,active
mercury-40hp-fourstroke,,,,,,,,,20 inch,,,,,,,,MERC-40-EFI-20,96000.0,shopify,5,deny,manual,6099.00,6599.00,true,true,190238475676,,,,,,,,kg,,4500.00,
mercury-9-9hp-command,Mercury 9.9HP Command Thrust,"<p>Mercury 9.9hp Command Thrust delivers 115 lbs of thrust - nearly 60% more than standard 9.9hp motors. Ideal for heavy loads, trolling, and pontoons. Features battery-free EFI for reliable starting.</p><ul>
<li>Displacement: 209cc</li>
<li>Weight: 95 lbs (43 kg)</li>
<li>Fuel System: Battery-Free EFI</li>
<li>Alternator: 6 amp (75 watt)</li>
<li>Command Thrust: Higher torque</li>
<li>Warranty: 3 Year Limited</li>
</ul>",Mercury Marine,,Outboard Motor,"4-Stroke, 9.9HP, Command Thrust, Mercury, Trolling",true,Shaft Length,15 inch,,,,,,,,MERC-9.9-CT-15,43000.0,shopify,15,deny,manual,2799.00,3099.00,true,true,190238475645,,,,false,,,,kg,,2100.00,active
mercury-9-9hp-command,,,,,,,,,20 inch,,,,,,,,MERC-9.9-CT-20,44000.0,shopify,10,deny,manual,2899.00,3199.00,true,true,190238475652,,,,,,,,kg,,2150.00,
mercury-25hp-fourstroke,Mercury 25HP FourStroke EFI,"<p>Mercury's 25 hp FourStroke outboard is the lightest 25hp engine in its class. Features electronic fuel injection (EFI) for easy starting, improved fuel efficiency, and instant throttle response. Perfect for fishing boats, pontoons, and inflatables.</p><ul>
<li>Displacement: 526cc</li>
<li>Weight: 157 lbs (71 kg)</li>
<li>Fuel System: Electronic Fuel Injection (EFI)</li>
<li>Alternator: 12 amp (145 watt)</li>
<li>Gear Ratio: 2.17:1</li>
<li>Warranty: 3 Year Limited</li>
</ul>",Mercury Marine,,Outboard Motor,"25HP, 4-Stroke, EFI, Mercury, Portable",true,Shaft Length,15 inch,,,,,,,,MERC-25-EFI-15,71000.0,shopify,12,deny,manual,3899.00,4299.00,true,true,190238475621,,,,false,,,,kg,,2900.00,active
mercury-25hp-fourstroke,,,,,,,,,20 inch,,,,,,,,MERC-25-EFI-20,73000.0,shopify,8,deny,manual,4099.00,4499.00,true,true,190238475638,,,,,,,,kg,,3050.00,
honda-bf250,Honda BF250 V6 VTEC,"<p>Honda's BF250 features VTEC (Variable Valve Timing &amp; Lift Electronic Control) technology for maximum performance. The 3.6L V6 delivers exceptional power with superior fuel economy. Includes NMEA 2000 compatibility.</p><ul>
<li>Engine Type: V6 VTEC</li>
<li>Displacement: 3583cc (3.6L)</li>
<li>Weight: 622 lbs (282 kg)</li>
<li>Fuel System: PGM-FI</li>
<li>Alternator: 90 amp</li>
<li>VTEC Technology</li>
<li>NMEA 2000 Compatible</li>
</ul>",Honda Marine,,Outboard Motor,"250HP, 4-Stroke, Honda, V6, VTEC",true,Shaft Length,25 inch,,,,,,,,HON-BF250-V6-25,282000.0,shopify,0,deny,manual,21999.00,23999.00,true,true,190238476024,,,,false,,,,kg,,16300.00,active
honda-bf250,,,,,,,,,30 inch,,,,,,,,HON-BF250-V6-30,284000.0,shopify,1,deny,manual,22499.00,24499.00,true,true,190238476025,,,,,,,,kg,,16550.00,
honda-bf225,Honda BF225 V6,"<p>Honda's BF225 V6 delivers exceptional power with advanced VTEC technology. Features Drive-by-Wire throttle control and Variable Valve Timing on all cylinders for maximum performance.</p><ul>
<li>Engine Type: V6 SOHC VTEC</li>
<li>Displacement: 3471cc</li>
<li>Weight: 606 lbs (275 kg)</li>
<li>Fuel System: PGM-FI</li>
<li>Alternator: 90 amp</li>
<li>Drive-by-Wire Throttle</li>
<li>Lean Burn Control</li>
</ul>",Honda Marine,,Outboard Motor,"225HP, DBW, Honda, V6, VTEC",true,Shaft Length,25 inch,,,,,,,,HON-BF225-V6-25,275000.0,shopify,2,deny,manual,19999.00,21899.00,true,true,190238476022,,,,false,,,,kg,,14800.00,active
honda-bf225,,,,,,,,,30 inch,,,,,,,,HON-BF225-V6-30,277000.0,shopify,1,deny,manual,20499.00,22399.00,true,true,190238476023,,,,,,,,kg,,15050.00,
honda-bf150,Honda BF150 VTEC,"<p>Honda BF150 delivers V6 power in a 4-cylinder package. Features VTEC technology, lean burn control, and Variable Air Intake. Compatible with Honda's advanced digital controls.</p><ul>
<li>Engine Type: 4-cylinder DOHC VTEC</li>
<li>Displacement: 2354cc</li>
<li>Weight: 487 lbs (221 kg)</li>
<li>Fuel System: PGM-FI</li>
<li>Alternator: 55 amp</li>
<li>Variable Air Intake</li>
<li>Lean Burn Control</li>
</ul>",Honda Marine,,Outboard Motor,"150HP, 4-Stroke, Honda, VTEC",true,Shaft Length,20 inch,,,,,,,,HON-BF150-20,221000.0,shopify,3,deny,manual,14999.00,16399.00,true,true,190238476020,,,,false,,,,kg,,11100.00,active
honda-bf150,,,,,,,,,25 inch,,,,,,,,HON-BF150-25,223000.0,shopify,2,deny,manual,15299.00,16699.00,true,true,190238476021,,,,,,,,kg,,11250.00,
honda-bf115,Honda BF115 iST,"<p>Honda's BF115 features intelligent Shift &amp; Throttle (iST) for smooth, quiet shifting. VTEC technology provides exceptional performance across the RPM range. Variable intake timing optimizes torque.</p><ul>
<li>Engine Type: 4-cylinder DOHC VTEC</li>
<li>Displacement: 2354cc</li>
<li>Weight: 487 lbs (221 kg)</li>
<li>Fuel System: PGM-FI</li>
<li>Alternator: 55 amp</li>
<li>iST Technology</li>
<li>NMEA 2000 Compatible</li>
</ul>",Honda Marine,,Outboard Motor,"115HP, 4-Stroke, Honda, iST, VTEC",true,Shaft Length,20 inch,,,,,,,,HON-BF115-iST-20,221000.0,shopify,4,deny,manual,11999.00,13099.00,true,true,190238476018,,,,false,,,,kg,,8900.00,active
honda-bf115,,,,,,,,,25 inch,,,,,,,,HON-BF115-iST-25,223000.0,shopify,2,deny,manual,12299.00,13399.00,true,true,190238476019,,,,,,,,kg,,9050.00,
honda-bf90,Honda BF90 VTEC,"<p>Honda BF90 combines VTEC technology with lean burn control for maximum efficiency. Features Variable Valve Timing for improved low-end torque and top-end power.</p><ul>
<li>Engine Type: 4-cylinder SOHC VTEC</li>
<li>Displacement: 1496cc</li>
<li>Weight: 359 lbs (163 kg)</li>
<li>Fuel System: PGM-FI</li>
<li>Alternator: 40 amp</li>
<li>ECOmo Lean Burn</li>
<li>BLAST Technology</li>
</ul>",Honda Marine,,Outboard Motor,"4-Stroke, 90HP, ECOmo, Honda, VTEC",true,Shaft Length,20 inch,,,,,,,,HON-BF90-20,163000.0,shopify,6,deny,manual,9999.00,10999.00,true,true,190238476016,,,,false,,,,kg,,7400.00,active
honda-bf90,,,,,,,,,25 inch,,,,,,,,HON-BF90-25,164000.0,shopify,4,deny,manual,10199.00,11199.00,true,true,190238476017,,,,,,,,kg,,7500.00,
honda-bf75,Honda BF75 Mid-Range,"<p>Honda's BF75 delivers smooth 4-cylinder performance with excellent fuel economy. Features VTEC technology and lean burn control. Compatible with mechanical or digital controls.</p><ul>
<li>Engine Type: 4-cylinder SOHC VTEC</li>
<li>Displacement: 1496cc</li>
<li>Weight: 359 lbs (163 kg)</li>
<li>Fuel System: PGM-FI</li>
<li>Alternator: 40 amp</li>
<li>VTEC &amp; Lean Burn</li>
<li>NMEA 2000 Compatible</li>
</ul>",Honda Marine,,Outboard Motor,"4-Stroke, 75HP, Honda, VTEC",true,Shaft Length,20 inch,,,,,,,,HON-BF75-20,163000.0,shopify,5,deny,manual,8999.00,9799.00,true,true,190238476014,,,,false,,,,kg,,6700.00,active
honda-bf75,,,,,,,,,25 inch,,,,,,,,HON-BF75-25,164000.0,shopify,3,deny,manual,9199.00,9999.00,true,true,190238476015,,,,,,,,kg,,6800.00,
honda-bf50,Honda BF50 VTEC,"<p>Honda BF50 features VTEC technology for optimal power and efficiency. Boosted Low Speed Torque (BLAST) improves acceleration. Multi-port programmed fuel injection ensures smooth operation.</p><ul>
<li>Engine Type: 3-cylinder SOHC VTEC</li>
<li>Displacement: 808cc</li>
<li>Weight: 214 lbs (97 kg)</li>
<li>Fuel System: PGM-FI</li>
<li>VTEC Technology</li>
<li>BLAST System</li>
<li>NMEA Compatible</li>
</ul>",Honda Marine,,Outboard Motor,"4-Stroke, 50HP, Honda, PGM-FI, VTEC",true,Shaft Length,20 inch,,,,,,,,HON-BF50-V-20,97000.0,shopify,7,deny,manual,6799.00,7399.00,true,true,190238476012,,,,false,,,,kg,,5050.00,active
honda-bf50,,,,,,,,,25 inch,,,,,,,,HON-BF50-V-25,98000.0,shopify,5,deny,manual,6999.00,7599.00,true,true,190238476013,,,,,,,,kg,,5150.00,
honda-bf40,Honda BF40 Jet Drive,"<p>Honda's BF40 Jet Drive provides exceptional shallow water performance. Features BLAST technology and lean burn control for fuel efficiency. Perfect for river navigation and rocky conditions.</p><ul>
<li>Engine Type: 3-cylinder OHC</li>
<li>Displacement: 808cc</li>
<li>Weight: 214 lbs (97 kg)</li>
<li>Fuel System: 3 Carburetors</li>
<li>Jet Drive Propulsion</li>
<li>BLAST Technology</li>
<li>Shallow Water Capable</li>
</ul>",Honda Marine,,Outboard Motor,"4-Stroke, 40HP, BLAST, Honda, Jet Drive",true,Configuration,Jet Drive,,,,,,,,HON-BF40-JET,97000.0,shopify,4,deny,manual,6999.00,7699.00,true,true,190238476011,,,,false,,,,kg,,5200.00,active
honda-bf20,Honda BF20 Electric Start,"<p>Honda BF20 features electric start convenience and excellent fuel economy. Twin-cylinder reliability with PGM-IG CDI ignition. Compatible with tiller or remote control configurations.</p><ul>
<li>Engine Type: Twin cylinder OHV</li>
<li>Displacement: 350cc</li>
<li>Weight: 119 lbs (54 kg)</li>
<li>Fuel System: Single Carburetor</li>
<li>Alternator: 12 amp</li>
<li>Electric Start</li>
<li>Power Tilt Available</li>
</ul>",Honda Marine,,Outboard Motor,"20HP, 4-Stroke, Electric Start, Honda",true,Shaft Length,15 inch,,,,,,,,HON-BF20-E-15,54000.0,shopify,9,deny,manual,3299.00,3699.00,true,true,190238476009,,,,false,,,,kg,,2450.00,active
honda-bf20,,,,,,,,,20 inch,,,,,,,,HON-BF20-E-20,55000.0,shopify,6,deny,manual,3399.00,3799.00,true,true,190238476010,,,,,,,,kg,,2500.00,
honda-bf15,Honda BF15 Tiller Handle,"<p>Honda's BF15 delivers best-in-class performance with BLAST technology for improved hole shot. Features include tiller handle control, forward-mounted shift lever, and 6-amp charging system.</p><ul>
<li>Engine Type: Twin Cylinder</li>
<li>Displacement: 222cc</li>
<li>Weight: 104 lbs (47 kg)</li>
<li>Fuel System: Carburetor</li>
<li>BLAST Technology</li>
<li>Alternator: 6 amp</li>
<li>Warranty: 5 Year Limited</li>
</ul>",Honda Marine,,Outboard Motor,"15HP, 4-Stroke, BLAST, Honda, Tiller",true,Shaft Length,15 inch,,,,,,,,HON-BF15-T-15,47000.0,shopify,11,deny,manual,2599.00,2899.00,true,true,190238476007,,,,false,,,,kg,,1950.00,active
honda-bf15,,,,,,,,,20 inch,,,,,,,,HON-BF15-T-20,48000.0,shopify,8,deny,manual,2699.00,2999.00,true,true,190238476008,,,,,,,,kg,,2000.00,
honda-bf10,Honda BF10 Tiller,"<p>Honda's BF10 delivers twin-cylinder smoothness in a portable package. Features 5-amp charging system and gas-assist tilt for easy handling. Forward/Neutral/Reverse shift with 360° steering.</p><ul>
<li>Engine Type: Twin cylinder OHV</li>
<li>Displacement: 222cc</li>
<li>Weight: 93 lbs (42 kg)</li>
<li>Fuel System: Single Carburetor</li>
<li>Alternator: 5 amp</li>
<li>Gas-Assist Tilt</li>
<li>Shallow Water Drive</li>
</ul>",Honda Marine,Uncategorized,Outboard Motor,"10HP, 4-Stroke, Honda, Tiller",true,Shaft Length,15 inch,,,,,,,,HON-BF10-T-15,42000.0,shopify,14,deny,manual,2399.00,2699.00,true,true,190238476005,https://cdn.shopify.com/s/files/1/0775/1932/3393/files/bf10.webp?v=1756230658,1,"",false,,,,kg,,1800.00,active
honda-bf10,,,,,,,,,20 inch,,,,,,,,HON-BF10-T-20,43000.0,shopify,10,deny,manual,2499.00,2799.00,true,true,190238476006,,,,,,,,kg,,1850.00,
honda-bf5,Honda BF5 Portable,"<p>Honda BF5 features a larger fuel tank and enhanced performance. One-handed carrying design with integrated storage. Decompression system for easy starting and shallow water drive capability.</p><ul>
<li>Engine Type: Single cylinder OHV</li>
<li>Displacement: 127cc</li>
<li>Weight: 60 lbs (27 kg)</li>
<li>Fuel Tank: External 1.0 gallon</li>
<li>Alternator: Optional 6 amp</li>
<li>Decompression System</li>
<li>4-Front Corrosion System</li>
</ul>",Honda Marine,,Outboard Motor,"4-Stroke, 5HP, Honda, Portable",true,Shaft Length,15 inch,,,,,,,,HON-BF5-15,27000.0,shopify,18,deny,manual,1599.00,1799.00,true,true,190238476003,,,,false,,,,kg,,1200.00,active
honda-bf5,,,,,,,,,20 inch,,,,,,,,HON-BF5-20,27500.0,shopify,12,deny,manual,1699.00,1899.00,true,true,190238476004,,,,,,,,kg,,1250.00,
honda-bf2-3,Honda BF2.3 Portable,"<p>Honda's BF2.3 is the world's lightest 4-stroke outboard. Features centrifugal clutch for neutral at idle and air-cooled design for shallow water operation. Internal fuel tank for portability.</p><ul>
<li>Engine Type: Single cylinder OHV</li>
<li>Displacement: 57cc</li>
<li>Weight: 27 lbs (12.5 kg)</li>
<li>Cooling: Air-cooled</li>
<li>Fuel Tank: Internal 0.3 gallon</li>
<li>360° Steering</li>
<li>Centrifugal Clutch</li>
</ul>",Honda Marine,,Outboard Motor,"2.3HP, 4-Stroke, Air-cooled, Honda, Portable",true,Shaft Length,15 inch,,,,,,,,HON-BF2.3-15,12500.0,shopify,20,deny,manual,799.00,899.00,true,true,190238476001,,,,false,,,,kg,,600.00,active
honda-bf2-3,,,,,,,,,20 inch,,,,,,,,HON-BF2.3-20,13000.0,shopify,15,deny,manual,849.00,949.00,true,true,190238476002,,,,,,,,kg,,625.00,
